{
 "bio_p": {
  "mu_max": 0.0265,
  "mu_d": 0.0018,
  "Kglc": 0.6,
  "Kgln": 0.12,
  "KIlac": 38.0,
  "KIamm": 14.0,
  "KICO2": 95.0,
  "pCO2_tox": 125.0,
  "pH_opt": 7.05,
  "pH_sig": 0.28,
  "pH_set": 7.05,
  "kpH_CO2": 0.22,
  "qglc": 0.016,
  "qgln": 0.003,
  "Ylac_glc": 0.9,
  "klac_up": 0.012,
  "Yamm_gln": 0.55,
  "kgln_deg": 0.0035,
  "m_resp": 0.004,
  "kCO2_prod": 14.0,
  "kLa_CO2": 0.11,
  "pCO2_strip": 30.0,
  "qmab": 2.4,
  "a_nongrowth": 0.55,
  "kd_CO2": 0.0006,
  "kd_amm": 0.0022,
  "Fglc": 0.2,
  "Fgln": 0.035,
  "Fgal": 0.0,
  "feed_start": 3.0,
  "Vfeed_rate": 0.003,
  "kgal_up": 0.004,
  "Gal0": 0.0
 },
 "gly_p": {
  "pH_set": 7.05,
  "tauG": 40.0,
  "ktau_mu": 1.0,
  "mu_max": 0.0265,
  "k_gnt": 0.32,
  "k_gal": 0.052,
  "gal2_rel": 0.42,
  "k_fut": 0.205,
  "k_sia": 0.024,
  "K_glcnac": 0.5,
  "K_gal": 0.5,
  "K_fuc": 0.5,
  "K_neu": 0.5,
  "KMn": 0.5
 },
 "fixtures": {
  "baseline": {
   "titer": 5325.356770220179,
   "peakVCD": 20.419574577348282,
   "pCO2max": 59.756467648779456,
   "harvest": {
    "high_mannose": 1.3747,
    "afucosylation": 3.7079,
    "galactosylation": 51.7749,
    "sialylation": 4.1325,
    "G0F": 45.6326
   },
   "traj": {
    "Xv": [
     0.4,
     1.8684032360131846,
     7.072797541824538,
     16.253280166942577,
     20.328518558622935
    ],
    "pCO2": [
     40.0,
     35.32306891549315,
     47.18420159346673,
     58.276851550488466,
     57.83772457826085
    ],
    "day": [
     0.0,
     3.0,
     6.0,
     9.0,
     12.0
    ],
    "G0F": [
     53.60500677407457,
     54.46134418034778,
     51.67368996545976,
     46.870477018460086,
     39.43376338342655
    ],
    "galactosylation": [
     26.592098262852087,
     37.21635305920319,
     43.76546997696239,
     50.89031859323187,
     59.80186054494201
    ],
    "afucosylation": [
     23.617229192241307,
     10.811229377732012,
     6.334442551597985,
     3.3816015884550854,
     1.2452741389081257
    ],
    "high_mannose": [
     10.826271450301691,
     4.419039460181762,
     2.378308274841756,
     1.1628840071536308,
     0.4446978364093579
    ],
    "pH_golgi": [
     6.5,
     6.5,
     6.4676710928293994,
     6.417754168022802,
     6.419730239397826
    ]
   }
  },
  "low_strip": {
   "titer": 4435.371529889826,
   "peakVCD": 16.504177711317936,
   "pCO2max": 70.55908683846802,
   "harvest": {
    "high_mannose": 1.2961,
    "afucosylation": 3.6412,
    "galactosylation": 52.5504,
    "sialylation": 4.4677,
    "G0F": 44.941
   },
   "traj": {
    "Xv": [
     0.4,
     1.8832269236496728,
     6.58894510096286,
     13.464238264450502,
     16.459447671018573
    ],
    "pCO2": [
     40.0,
     38.836054657013044,
     55.51614416148478,
     68.41413836861082,
     69.25871055645851
    ],
    "day": [
     0.0,
     3.0,
     6.0,
     9.0,
     12.0
    ],
    "G0F": [
     53.604759904234896,
     54.476314740996955,
     50.59019850419798,
     45.81798909823888,
     38.60391457324787
    ],
    "galactosylation": [
     26.591537591985215,
     37.15518454336613,
     45.407186112257115,
     52.14844803390256,
     60.714611924827345
    ],
    "afucosylation": [
     23.618097858019205,
     10.865387365615698,
     5.693630554383066,
     3.1620127036272927,
     1.1786996583053155
    ],
    "high_mannose": [
     10.826731424195403,
     4.44386530984594,
     2.0457012411569164,
     1.0201700003721004,
     0.36271379790326896
    ],
    "pH_golgi": [
     6.5,
     6.5,
     6.4301773512733185,
     6.372136377341251,
     6.3683358024959364
    ]
   }
  },
  "high_strip": {
   "titer": 6165.795587025963,
   "peakVCD": 24.471708324303204,
   "pCO2max": 47.039607253968725,
   "harvest": {
    "high_mannose": 1.51,
    "afucosylation": 3.8607,
    "galactosylation": 50.6178,
    "sialylation": 3.6817,
    "G0F": 46.6322
   },
   "traj": {
    "Xv": [
     0.4,
     1.8514015602132547,
     7.16898554752425,
     18.72287367359547,
     24.31169615955037
    ],
    "pCO2": [
     40.0,
     32.524457929918846,
     38.56730496735061,
     46.14058334950307,
     45.12475765938358
    ],
    "day": [
     0.0,
     3.0,
     6.0,
     9.0,
     12.0
    ],
    "G0F": [
     53.60647767061326,
     54.43601720054615,
     52.52106342401057,
     48.241545553485004,
     40.72835532220972
    ],
    "galactosylation": [
     26.595440001588933,
     37.31794384832912,
     42.42315862202328,
     49.20011582513274,
     58.3148179731615
    ],
    "afucosylation": [
     23.612052198743093,
     10.72175111794098,
     6.892683761754448,
     3.7350736420665775,
     1.4431535700848208
    ],
    "high_mannose": [
     10.82353022247919,
     4.3780918193709,
     2.6787108500785464,
     1.3762578275314243,
     0.6143088038566447
    ],
    "pH_golgi": [
     6.5,
     6.5,
     6.5,
     6.472367374927236,
     6.476938590532774
    ]
   }
  },
  "Mn4x": {
   "titer": 5325.356770220179,
   "peakVCD": 20.419574577348282,
   "pCO2max": 59.756467648779456,
   "harvest": {
    "high_mannose": 0.5026,
    "afucosylation": 2.8679,
    "galactosylation": 60.305,
    "sialylation": 6.9734,
    "G0F": 38.1433
   },
   "traj": {
    "Xv": [
     0.4,
     1.8684032360131846,
     7.072797541824538,
     16.253280166942577,
     20.328518558622935
    ],
    "pCO2": [
     40.0,
     35.32306891549315,
     47.18420159346673,
     58.276851550488466,
     57.83772457826085
    ],
    "day": [
     0.0,
     3.0,
     6.0,
     9.0,
     12.0
    ],
    "G0F": [
     51.52657613115262,
     49.197112955488365,
     45.012494497299265,
     39.227053510875464,
     31.24665706489108
    ],
    "galactosylation": [
     33.73258820755215,
     45.295460717896944,
     52.17695874035206,
     59.50223170827137,
     68.38955571907076
    ],
    "afucosylation": [
     19.579392008623252,
     8.536661288018077,
     4.925026149888367,
     2.6064341236491595,
     0.9137434359202556
    ],
    "high_mannose": [
     6.112263394138593,
     1.98145229185055,
     0.9093626215169184,
     0.36991581587226824,
     0.11047950888454228
    ],
    "pH_golgi": [
     6.5,
     6.5,
     6.4676710928293994,
     6.417754168022802,
     6.419730239397826
    ]
   }
  },
  "gal_feed": {
   "titer": 5325.354785138865,
   "peakVCD": 20.419571438390587,
   "pCO2max": 59.75647158701973,
   "harvest": {
    "high_mannose": 1.3747,
    "afucosylation": 3.7079,
    "galactosylation": 61.6549,
    "sialylation": 6.0753,
    "G0F": 36.0057
   },
   "traj": {
    "Xv": [
     0.4,
     1.868403241179549,
     7.07279742995529,
     16.253282961046228,
     20.328515939507867
    ],
    "pCO2": [
     40.0,
     35.32306913504861,
     47.18419981521492,
     58.27686086067937,
     57.83772391625526
    ],
    "day": [
     0.0,
     3.0,
     6.0,
     9.0,
     12.0
    ],
    "G0F": [
     53.60500677407457,
     42.541167844122256,
     40.68551809926499,
     37.78743550346971,
     30.284685496997575
    ],
    "galactosylation": [
     26.592098262852087,
     49.990851808616824,
     55.217746116147595,
     60.18194072160933,
     69.02510784101332
    ],
    "afucosylation": [
     23.617229192241307,
     10.811230330302045,
     6.3344440405807445,
     3.381601322316996,
     1.2452734514241004
    ],
    "high_mannose": [
     10.826271450301691,
     4.419039927875145,
     2.378308931243068,
     1.1628838266951822,
     0.4446974890764621
    ],
    "pH_golgi": [
     6.5,
     6.5,
     6.467671100831533,
     6.417754126126943,
     6.419730242376851
    ]
   }
  },
  "fut8_kd": {
   "titer": 5325.356770220179,
   "peakVCD": 20.419574577348282,
   "pCO2max": 59.756467648779456,
   "harvest": {
    "high_mannose": 1.3747,
    "afucosylation": 31.8969,
    "galactosylation": 51.7749,
    "sialylation": 4.1325,
    "G0F": 31.9328
   },
   "traj": {
    "Xv": [
     0.4,
     1.8684032360131846,
     7.072797541824538,
     16.253280166942577,
     20.328518558622935
    ],